[
  {
    "id": 1,
    "productname": "iPhone 9",
    "description": "An apple mobile which is nothing like apple",
    "thumbnail": "https://i.dummyjson.com/data/products/1/thumbnail.jpg",
    "images": [
      "https://i.dummyjson.com/data/products/1/1.jpg",
      "https://i.dummyjson.com/data/products/1/2.jpg",
      "https://i.dummyjson.com/data/products/1/3.jpg",
      "https://i.dummyjson.com/data/products/1/4.jpg"
    ]
  },
  {
    "id": 2,
    "productname": "iPhone 10",
    "description": "An apple mobile which is nothing like apple",
    "thumbnail": "https://i.dummyjson.com/data/products/1/thumbnail.jpg",
    "images": [
      "https://i.dummyjson.com/data/products/1/1.jpg",
      "https://i.dummyjson.com/data/products/1/2.jpg",
      "https://i.dummyjson.com/data/products/1/3.jpg",
      "https://i.dummyjson.com/data/products/1/4.jpg"
    ]
  },
  {
    "id": 3,
    "productname": "iPhone 11",
    "description": "An apple mobile which is nothing like apple",
    "thumbnail": "https://i.dummyjson.com/data/products/1/thumbnail.jpg",
    "images": [
      "https://i.dummyjson.com/data/products/1/1.jpg",
      "https://i.dummyjson.com/data/products/1/2.jpg",
      "https://i.dummyjson.com/data/products/1/3.jpg",
      "https://i.dummyjson.com/data/products/1/4.jpg"
    ]
  }
]
