
[{
    "imgThumnail" :"https://images-na.ssl-images-amazon.com/images/S/compressed.photo.goodreads.com/books/1568145262l/49535329.jpg",
    "productName" : "Đừng lựa chọn an nhàn khi còn trẻ"
},
{
    "imgThumnail" :"https://bizweb.dktcdn.net/thumb/1024x1024/100/197/269/products/a-18c8bcd9-0b12-4855-8d3c-fc61583ec380.jpg?v=1676105349407",
    "productName" : "Nghệ thuật giao tiếp"
},
{
    "imgThumnail" :"https://vn-test-11.slatic.net/p/85b3d02325cd0913c6458f4f5548cb61.jpg",
    "productName" : "Càng kỷ luật càng tự do "
},
{
    "imgThumnail" :"https://cdn0.fahasa.com/media/catalog/product/d/n/dntttttuntitled.png",
    "productName" : "Đắc nhân tâm"
}
]