[
  {
    "name": ["Marketplace", false],
    "quantity": 2458,
    "date": "Apr 26, 2022",
    "progress": 75.5
  },
  {
    "name": ["Venus DB PRO", true],
    "quantity": 1485,
    "date": "Jul 20, 2022",
    "progress": 35.4
  },
  {
    "name": ["Venus DS", true],
    "quantity": 1024,
    "date": "Sep 30, 2022",
    "progress": 25
  },
  {
    "name": ["Venus 3D Asset", true],
    "quantity": 858,
    "date": "Oct 24, 2022",
    "progress": 100
  },
  {
    "name": ["Marketplace", false],
    "quantity": 258,
    "date": "Nov 29, 2022",
    "progress": 75.5
  },
  {
    "name": ["Marketplace", false],
    "quantity": 258,
    "date": "Nov 29, 2022",
    "progress": 75.5
  },
  {
    "name": ["Marketplace", false],
    "quantity": 258,
    "date": "Nov 29, 2022",
    "progress": 75.5
  },
  {
    "name": ["Marketplace", false],
    "quantity": 258,
    "date": "Nov 29, 2022",
    "progress": 75.5
  }
]
